{
	"format_version": "1.8.0",
	"animations": {
		"animation.giant_pacman.chomp": {
			"loop": true,
			"animation_length": 1.04167,
			"bones": {
				"bottom": {
					"rotation": {
						"0.0": [0, 0, 0],
						"0.5": [-12.5, 0, 0],
						"1.0": [0, 0, 0]
					}
				},
				"top": {
					"rotation": {
						"0.0": [0, 0, 0],
						"0.3": [-7.5, 0, 0],
						"0.4": [-8, 0, 0],
						"0.5": [-12.5, 0, 0],
						"0.6": [-7.5, 0, 0],
						"0.7": [-10, 0, 0],
						"1.0": [0, 0, 0]
					}
				},
				"tongue": {
					"rotation": {
						"0.0": [0, 0, 0],
						"0.2": [9.33477, -2.27167, -15.95043],
						"0.5": [15, 0, 0],
						"0.6": [12, 0, 0],
						"0.7": [17, 0, 0],
						"1.0": [0, 0, 0]
					}
				},
				"eyes": {
					"position": {
						"0.0": [0, 0, 0],
						"0.3": [0, 0, 0]
					}
				}
			}
		}
	},
	"geckolib_format_version": 2
}